{
    "Version": "2012-10-17",
    "Statement": [
        {
            "Sid": "CostExplorerPermissions",
            "Effect": "Allow",
            "Action": [
                "ce:GetDimensionValues",
                "ce:GetCostAndUsage"
            ],
            "Resource": "*"
        },
        {
            "Sid": "CloudWatchPermissions",
            "Effect": "Allow",
            "Action": [
                "cloudwatch:GetMetricData",
                "cloudwatch:GetMetricStatistics"
            ],
            "Resource": "*"
        },
        {
            "Sid": "LambdaPermissions",
            "Effect": "Allow",
            "Action": [
                "lambda:ListFunctions",
                "lambda:ListTags"
            ],
            "Resource": "*"
        },
        {
            "Sid": "EKSPermissions",
            "Effect": "Allow",
            "Action": [
                "eks:ListClusters",
                "eks:DescribeCluster"
            ],
            "Resource": "*"
        },
        {
            "Sid": "ECSPermissions",
            "Effect": "Allow",
            "Action": [
                "ecs:ListClusters",
                "ecs:ListServices",
                "ecs:DescribeClusters",
                "ecs:DescribeServices",
                "ecs:DescribeTaskDefinition"
            ],
            "Resource": "*"
        },
        {
            "Sid": "CloudWatchLogsPermissions",
            "Effect": "Allow",
            "Action": [
                "logs:CreateLogGroup",
                "logs:CreateLogStream",
                "logs:PutLogEvents"
            ],
            "Resource": "arn:aws:logs:*:*:*"
        },
        {
            "Sid": "STSPermissions",
            "Effect": "Allow",
            "Action": [
                "sts:AssumeRole",
                "sts:GetCallerIdentity"
            ],
            "Resource": "arn:aws:iam::*:role/CrossAccountCloudWatchRole"
        }
    ]
}